{"stat.useItem.minecraft.lapis_block":78,"stat.useItem.minecraft.sticky_piston":5,"stat.killEntity.EntityHorse":1,"stat.useItem.minecraft.repeater":8,"stat.leaveGame":7,"stat.useItem.minecraft.skull":3,"stat.useItem.minecraft.ender_chest":2,"stat.killEntity.Blaze":3,"stat.useItem.minecraft.diamond_sword":37,"stat.useItem.minecraft.potion":17,"stat.useItem.minecraft.stained_glass_pane":29,"stat.useItem.minecraft.flower_pot":2,"stat.killEntity.PigZombie":1,"stat.jump":180,"stat.swimOneCm":1136,"stat.useItem.minecraft.piston":1,"stat.crouchOneCm":4912,"stat.useItem.minecraft.obsidian":33,"stat.useItem.minecraft.redstone_torch":4,"stat.useItem.minecraft.dirt":96,"stat.useItem.minecraft.stone_button":13,"achievement.exploreAllBiomes":{"value":0,"progress":["Cold Taiga","Cold Taiga M","Ice Plains Spikes","FrozenRiver","Mega Taiga Hills","Ice Plains","Cold Beach","Forest","River","Ocean","Taiga","Mega Taiga","Ice Mountains"]},"stat.useItem.minecraft.redstone_lamp":2,"stat.useItem.minecraft.anvil":2,"stat.flyOneCm":1150457,"stat.killEntity.Witch":2,"stat.killEntity.Villager":3,"stat.damageDealt":170010491,"stat.useItem.minecraft.snow_layer":17,"stat.timeSinceDeath":221313,"stat.useItem.minecraft.sign":27,"stat.useItem.minecraft.command_block":15,"stat.killEntity.Bat":1,"stat.walkOneCm":181921,"stat.useItem.minecraft.torch":2,"stat.useItem.minecraft.chest":8,"stat.useItem.minecraft.lever":4,"stat.useItem.minecraft.dark_oak_fence_gate":1,"stat.useItem.minecraft.armor_stand":1,"stat.talkedToVillager":13,"stat.useItem.minecraft.redstone_block":10,"stat.useItem.minecraft.item_frame":5,"stat.useItem.minecraft.redstone":28,"stat.useItem.minecraft.sea_lantern":5,"stat.sprintOneCm":4486,"stat.useItem.minecraft.prismarine":96,"stat.killEntity.Skeleton":3,"stat.useItem.minecraft.stone_slab":18,"stat.useItem.minecraft.bed":3,"achievement.openInventory":87,"stat.useItem.minecraft.stone_pressure_plate":1,"stat.mobKills":20,"stat.useItem.minecraft.stonebrick":1,"stat.useItem.minecraft.cobblestone_wall":64,"stat.playOneMinute":221313,"stat.useItem.minecraft.wooden_sword":13,"stat.killEntity.Zombie":3,"stat.killEntity.Guardian":3}