{"stat.chestOpened":26,"stat.useItem.minecraft.bow":1,"stat.useItem.minecraft.lapis_block":78,"stat.useItem.minecraft.sticky_piston":5,"stat.pickup.minecraft.bone":3,"stat.killEntity.EntityHorse":1,"stat.useItem.minecraft.repeater":8,"stat.leaveGame":7,"stat.pickup.minecraft.arrow":1,"stat.pickup.minecraft.iron_sword":2,"stat.useItem.minecraft.skull":3,"stat.useItem.minecraft.ender_chest":2,"stat.killEntity.Blaze":2,"stat.useItem.minecraft.diamond_sword":59,"stat.useItem.minecraft.potion":17,"stat.useItem.minecraft.stained_glass_pane":29,"stat.pickup.minecraft.diamond_sword":8,"stat.useItem.minecraft.flower_pot":2,"stat.killEntity.PigZombie":1,"stat.jump":180,"stat.swimOneCm":1136,"stat.pickup.minecraft.coal":1,"stat.fallOneCm":1837,"stat.useItem.minecraft.piston":1,"stat.crouchOneCm":6263,"stat.useItem.minecraft.obsidian":33,"stat.useItem.minecraft.redstone_torch":4,"stat.useItem.minecraft.dirt":96,"stat.useItem.minecraft.stone_button":13,"stat.pickup.minecraft.bow":4,"achievement.exploreAllBiomes":{"value":0,"progress":["Cold Taiga","Cold Taiga M","Ice Plains Spikes","FrozenRiver","Mega Taiga Hills","Ice Plains","Cold Beach","Forest","River","Ocean","Taiga","Mega Taiga","Ice Mountains"]},"stat.pickup.minecraft.rotten_flesh":7,"stat.pickup.minecraft.command_block":7,"stat.useItem.minecraft.redstone_lamp":2,"stat.pickup.minecraft.splash_potion":5,"stat.damageTaken":641,"stat.pickup.minecraft.diamond_leggings":2,"stat.useItem.minecraft.anvil":8,"stat.flyOneCm":1327078,"stat.killEntity.Witch":1,"stat.killEntity.Villager":3,"stat.pickup.minecraft.golden_pickaxe":3,"stat.damageDealt":170016077,"stat.useItem.minecraft.snow_layer":30,"stat.sleepInBed":1,"stat.timeSinceDeath":409500,"stat.useItem.minecraft.sign":34,"stat.useItem.minecraft.spawn_egg":12,"stat.useItem.minecraft.command_block":16,"stat.pickup.minecraft.flint_and_steel":4,"stat.killEntity.Bat":1,"stat.walkOneCm":243957,"stat.useItem.minecraft.torch":2,"stat.useItem.minecraft.chest":17,"stat.useItem.minecraft.lever":4,"stat.pickup.minecraft.crafting_table":3,"stat.useItem.minecraft.dark_oak_fence_gate":1,"stat.useItem.minecraft.armor_stand":1,"stat.pickup.minecraft.shield":1,"stat.talkedToVillager":15,"stat.useItem.minecraft.redstone_block":10,"stat.useItem.minecraft.item_frame":5,"stat.useItem.minecraft.redstone":28,"stat.useItem.minecraft.sea_lantern":5,"stat.pickup.minecraft.tipped_arrow":68,"stat.sprintOneCm":5154,"stat.pickup.minecraft.apple":48,"stat.pickup.minecraft.skull":20,"stat.useItem.minecraft.prismarine":98,"stat.killEntity.Skeleton":2,"stat.useItem.minecraft.stone_slab":26,"stat.useItem.minecraft.bed":3,"achievement.openInventory":125,"stat.useItem.minecraft.iron_sword":26,"stat.pickup.minecraft.potion":1,"stat.pickup.minecraft.diamond_helmet":1,"stat.useItem.minecraft.stone_pressure_plate":1,"stat.mobKills":19,"stat.pickup.minecraft.diamond_chestplate":2,"stat.useItem.minecraft.stonebrick":1,"stat.pickup.minecraft.diamond_boots":2,"stat.pickup.minecraft.spawn_egg":1089,"stat.useItem.minecraft.golden_apple":1,"stat.pickup.minecraft.golden_shovel":1,"stat.useItem.minecraft.cobblestone_wall":64,"stat.playOneMinute":409500,"stat.useItem.minecraft.wooden_sword":13,"stat.sneakTime":390,"stat.killEntity.Zombie":5,"stat.killEntity.Guardian":2}